{
  "loss": [
    0.041277192533016205,
    0.024763930588960648,
    0.020864004269242287,
    0.01792440190911293,
    0.014980543404817581,
    0.012782620266079903,
    0.01110605988651514,
    0.009989454410970211,
    0.009175846353173256,
    0.008674059994518757,
    0.00846278015524149,
    0.007681477349251509,
    0.007374502718448639,
    0.007014105562120676,
    0.006716669537127018,
    0.006301007699221373,
    0.006169790402054787,
    0.00592256523668766,
    0.0056852358393371105,
    0.005540881305932999,
    0.005256352014839649,
    0.005106124561280012,
    0.004892213735729456,
    0.004751929081976414,
    0.0045050340704619884,
    0.004369656089693308,
    0.004218434914946556,
    0.004255485255271196,
    0.00420079380273819,
    0.004053974058479071,
    0.004090948961675167,
    0.003645834978669882,
    0.0036977219861000776,
    0.003595901420339942,
    0.0035029971040785313,
    0.003390583675354719,
    0.0035181590355932713,
    0.003212630283087492,
    0.0032551055774092674,
    0.003372684819623828,
    0.00321832369081676,
    0.0031105864327400923,
    0.003037619637325406,
    0.002980657387524843,
    0.002936898497864604,
    0.002895628334954381,
    0.002858256921172142,
    0.0028883814811706543,
    0.002881567692384124,
    0.002812325721606612
  ],
  "val_loss": [
    0.019537054002285004,
    0.01679501123726368,
    0.01428156066685915,
    0.011180516332387924,
    0.008699738420546055,
    0.007211752235889435,
    0.006791098974645138,
    0.006327462382614613,
    0.0054354979656636715,
    0.004866426810622215,
    0.004482567775994539,
    0.004278067033737898,
    0.003912483807653189,
    0.0038525089621543884,
    0.0033121048472821712,
    0.0032962122932076454,
    0.0031817941926419735,
    0.0030392834451049566,
    0.0028726328164339066,
    0.0027186775114387274,
    0.0027013306971639395,
    0.0027913039084523916,
    0.002587716095149517,
    0.002426569117233157,
    0.0022532513830810785,
    0.00219077174551785,
    0.0022036931477487087,
    0.002122347243130207,
    0.0022305771708488464,
    0.0026293813716620207,
    0.0018821796402335167,
    0.002004343783482909,
    0.0018088819924741983,
    0.0017916617216542363,
    0.0018264268292114139,
    0.001674006343819201,
    0.0017536153318360448,
    0.0016884809592738748,
    0.0018073426326736808,
    0.001770339673385024,
    0.0016662332927808166,
    0.001627716002985835,
    0.001623166142962873,
    0.0016941612120717764,
    0.0016487985849380493,
    0.0015140252653509378,
    0.0016976046608760953,
    0.001880124444141984,
    0.0016282966826111078,
    0.0015825789887458086
  ]
}